id;familia;genero;nombre;autor;sinonimos;referencias;taxones_infraespecificos;habito;origen;estado_de_conservacion;especimen_representativo;notas;regiones_biogeograficas;elevacion_minima;elevacion_maxima;departamentos;distribucion_global
1;ARECACEAE;Acrocomia;Acrocomia aculeata;(Jacq.) Mart.;Acrocomia antioquiensis Posada-Ar.;Galeano & Bernal 1987, Henderson 1995, Henderson et al. 1995;;Árbol, Palma solitaria;Nativa;Preocupación Menor;Bernal 629 (COL, HUA);;Andes, Llanura del Caribe, Orinoquia, Valle del Cauca, Valle del Magdalena;0 m;1300 m;Antioquia, Arauca, Atlántico, Bolívar, Boyacá, Caldas, Casanare, Cesar, Cundinamarca, La Guajira, Huila, Magdalena, Meta, Norte de Santander, Santander, Sucre, Valle;México a Paraguay
2;ARECACEAE;Aiphanes;Aiphanes duquei;Burret;;Borchsenius & Bernal 1996, Galeano & Bernal 2005, Galeano & Bernal 2010;;Arbusto, Palma solitaria;Nativa;En Peligro;Bernal 1540 (COL, TULV);Tipo de Colombia;Andes;1900 m;2600 m;Cauca, Valle;Cordillera Occidental
3;ARECACEAE;Aiphanes;Aiphanes gelatinosa;H.E.Moore;;Borchsenius & Bernal 1996, Galeano & Bernal 2010;;Arbusto, Palma cespitosa, Palma solitaria;Nativa;En Peligro;Bernal 901 (AAU, COL);Tipo de Colombia;Andes;1200 m;1200 m;Nariño;SO Colombia a NO Ecuador
4;ARECACEAE;Aiphanes;Aiphanes horrida;(Jacq.) Burret;Aiphanes aculeata Willd., Aiphanes caryotifolia (Kunth) H.Wendl.;Galeano & Bernal 1987, Borchsenius & Bernal 1996, Galeano & Bernal 2010;;Árbol, Palma solitaria;Nativa y cultivada;Preocupación Menor;Bernal 50 (COL, HUA);;Andes, Orinoquia, Valle del Cauca, Valle del Magdalena;100 m;1700 m;Antioquia, Arauca, Caldas, Casanare, Cauca, Cundinamarca, Meta, Quindío, Risaralda, Santander, Tolima, Valle;Trinidad y Andes de Venezuela a Bolivia
5;ARECACEAE;Aiphanes;Aiphanes killipii;(Burret) Burret;;Bernal & Borchsenius 2010, Galeano & Bernal 2010;;Arbusto, Palma solitaria;Nativa;En Peligro Crítico;Bernal 4828 (COL);;Andes;800 m;1500 m;Santander;Cordillera Oriental
6;ARECACEAE;Aiphanes;Aiphanes lindeniana;(H.Wendl.) H.Wendl.;Aiphanes stergiosii S.M.Niño et al.;Niño et al. 2005, Bernal & Borchsenius 2010;;Arbusto, Palma solitaria;Nativa;En Peligro;Bernal 3574 (COL);;Andes;1700 m;2200 m;Norte de Santander, Santander;NE Colombia a O Venezuela
7;ARECACEAE;Aiphanes;Aiphanes parvifolia;Burret;;Borchsenius & Bernal 1996, Galeano & Bernal 2005, Galeano & Bernal 2010;;Arbusto, Palma solitaria;Nativa;En Peligro;"Bernal 1752 (NT: COL; IT: AAU, BH, HUA, JAUM, K, MO, NY)";Tipo de Colombia;Andes, Valle del Magdalena;800 m;1700 m;Antioquia, Caldas;Cordilleras Occidental y Central
8;ARECACEAE;Aiphanes;Aiphanes pilaris;R.Bernal;;Bernal 2001, Galeano & Bernal 2010;;Árbol, Palma solitaria;Nativa;Vulnerable;"Bernal 2479 (HT: COL; IT: NY, PSO)";Conocida solo del tipo;Andes;2580 m;2580 m;Putumayo;S Colombia
9;ARECACEAE;Aiphanes;Aiphanes tricuspidata;Borchs. et al.;;Borchsenius & Bernal 1996, Galeano & Bernal 2010;;Arbusto, Palma solitaria;Nativa;Preocupación Menor;Bernal 1321 (AAU, BA, COL, K, MO, NY);;Andes, Pacífico;0 m;650 m;Cauca, Nariño, Valle;SO Colombia a SO Ecuador
10;ARECACEAE;Aiphanes;Aiphanes ulei;(Dammer) Burret;Aiphanes schultzeana Burret;Galeano 1991, Borchsenius & Bernal 1996, Galeano & Bernal 2010;;Subarbusto, Arbusto, Palma solitaria;Nativa;Preocupación Menor;Bernal 1406 (COL);;Amazonia, Andes;90 m;2200 m;Amazonas, Caquetá, Putumayo;S Colombia a Perú y O Brasil
11;ARECACEAE;Archontophoenix;Archontophoenix alexandrae;(F.Muell.) H.Wendl. & Drude;;Morales et al. 2000, Galeano & Bernal 2010;;Árbol, Palma solitaria;Cultivada;No Evaluada;;;;500 m;1600 m;Antioquia, Cundinamarca, Valle;"Queensland, Australia; cultivada en los trópicos"
12;ARECACEAE;Asterogyne;Asterogyne martiana;(H.Wendl.) Drude;;Henderson et al. 1995, Stauffer et al. 2003;;Arbusto, Palma solitaria;Nativa;Preocupación Menor;Bernal 259 (COL, HUA);;Andes, Pacífico, Valle del Magdalena;0 m;1100 m;Antioquia, Cauca, Chocó, Nariño, Risaralda, Valle;Guatemala y Belice a NO Ecuador
13;ARECACEAE;Astrocaryum;Astrocaryum chambira;Burret;;Henderson 1995, Henderson et al. 1995, Galeano & Bernal 2010;;Árbol, Palma solitaria;Nativa;Preocupación Menor;Galeano 1301 (COAH, COL);;Amazonia, Guayana y Serranía de La Macarena, Orinoquia;100 m;500 m;Amazonas, Caquetá, Casanare, Guainía, Guaviare, Meta, Putumayo, Vaupés, Vichada;NO Amazonia
14;ARECACEAE;Astrocaryum;Astrocaryum ferrugineum;F.Kahn & B.Millán;;Kahn & Millán 1992, Galeano & Bernal 2010;;Árbol, Palma solitaria;Nativa;Preocupación Menor;Galeano 8555 (COL);;Amazonia;100 m;300 m;Amazonas;S Colombia, NO Brasil
15;ARECACEAE;Astrocaryum;Astrocaryum macrocalyx;Burret;;Galeano & Bernal 2010;;Árbol, Palma solitaria;Nativa;Preocupación Menor;Galeano 1570 (COL);;Amazonia;300 m;300 m;Amazonas;S Colombia, NE Perú
16;ARECACEAE;Astrocaryum;Astrocaryum standleyanum;L.H.Bailey;Astrocaryum standleyanum var. calimense Dugand;Galeano & Bernal 1987, Henderson et al. 1995, Galeano & Bernal 2010;;Árbol, Palma solitaria;Nativa;Preocupación Menor;Bernal 491 (COL);;Pacífico;0 m;200 m;Antioquia, Cauca, Chocó, Nariño, Valle;E Costa Rica a NO Ecuador
17;ARECACEAE;Astrocaryum;Astrocaryum triandrum;Galeano et al.;;Galeano et al. 1988, Galeano & Bernal 2005, Galeano & Bernal 2010;;Arbusto, Árbol, Palma solitaria;Nativa;En Peligro;"Bernal 1063 (HT: COL; IT: AAU, FAUC, HUA, K, NY)";Tipo de Colombia;Valle del Magdalena;160 m;500 m;Antioquia, Boyacá, Caldas, Santander;Magdalena medio
18;ARECACEAE;Astrocaryum;Astrocaryum urostachys;Burret;Astrocaryum murumuru var. urostachys (Burret) A.J.Hend.;Kahn & Millán 1992, Galeano & Bernal 2010;;Árbol, Palma solitaria;Nativa;Preocupación Menor;Cuatrecasas 10775 (COL);;Amazonia;100 m;500 m;Putumayo;Colombia, Ecuador, Perú
19;ARECACEAE;Attalea;Attalea butyracea;(L.f.) Wess.Boer;Scheelea butyracea (L.f.) H.Wendl., Scheelea excelsa H.Karst., Scheelea humboldtiana (Spruce) Burret;Henderson et al. 1995, Glassman 1999, Galeano & Bernal 2010;;Árbol, Palma solitaria;Nativa;Preocupación Menor;Bernal 397 (COL, HUA);Tipo de Colombia;Amazonia, Llanura del Caribe, Orinoquia, Valle del Cauca, Valle del Magdalena;0 m;1000 m;Amazonas, Antioquia, Arauca, Atlántico, Bolívar, Boyacá, Caldas, Caquetá, Casanare, Cesar, Córdoba, Cundinamarca, Guainía, La Guajira, Guaviare, Huila, Magdalena, Meta, Norte de Santander, Putumayo, Quindío, Risaralda, Santander, Sucre, Tolima, Valle, Vaupés, Vichada;México a Brasil y Bolivia
20;ARECACEAE;Attalea;Attalea cohune;Mart.;Orbignya cohune (Mart.) Standl.;Galeano & Bernal 2002, Galeano & Bernal 2005, Galeano & Bernal 2010;;Árbol, Palma solitaria;Nativa;En Peligro;Bernal 2793 (COL, FAUC);;Valle del Magdalena;150 m;400 m;Antioquia, Boyacá, Caldas, Santander;"México a Nicaragua; Colombia"
21;ARECACEAE;Attalea;Attalea colenda;(O.F.Cook) Balslev & A.J.Hend.;Ynesa colenda O.F.Cook;Henderson et al. 1995, Glassman 1999, Galeano & Bernal 2005;;Árbol, Palma solitaria;Nativa;En Peligro;Bernal 2502 (COL);;Pacífico;0 m;200 m;Nariño;SO Colombia a O Ecuador
22;ARECACEAE;Attalea;Attalea maripa;(Aubl.) Mart.;Maximiliana maripa (Aubl.) Drude;Galeano 1991, Henderson 1995, Henderson et al. 1995;;Árbol, Palma solitaria;Nativa;Preocupación Menor;Galeano 860 (COAH, COL, NY);;Amazonia, Guayana y Serranía de La Macarena, Orinoquia;40 m;600 m;Amazonas, Arauca, Caquetá, Casanare, Guainía, Guaviare, Meta, Putumayo, Vaupés, Vichada;N Suramérica al E Andes
23;ARECACEAE;Calyptrogyne;Calyptrogyne baudensis;A.J.Hend.;;Henderson 2005, Galeano & Bernal 2010;;Arbusto, Palma solitaria;Nativa;Casi Amenazada;Bernal 1753 (HT: COL);Tipo de Colombia;Pacífico;0 m;350 m;Chocó;NO Colombia
24;ARECACEAE;Calyptrogyne;Calyptrogyne costatifrons;(L.H.Bailey) de Nevers;;Henderson 2005, Galeano & Bernal 2010;Calyptrogyne costatifrons subsp. dariensis A.J.Hend.;Arbusto, Arbolito, Palma solitaria;Nativa;Vulnerable;Bernal 3020 (COL);;Pacífico;0 m;350 m;Chocó;C Panamá a NO Colombia
25;ARECACEAE;Caryota;Caryota urens;L.;;Morales et al. 2000, Galeano & Bernal 2010;;Árbol, Palma solitaria;Cultivada;No Evaluada;;;;0 m;2600 m;Antioquia, Cundinamarca, Quindío, Risaralda, Tolima, Valle;"India a Malasia; cultivada en los trópicos"
26;ARECACEAE;Ceroxylon;Ceroxylon alpinum;DC.;Ceroxylon ferrugineum Regel;Henderson et al. 1995, Galeano & Bernal 2005, Galeano & Bernal 2010;;Árbol, Palma solitaria;Nativa;En Peligro;Bernal 2320 (COL);Tipo de Colombia;Andes;1400 m;2000 m;Antioquia, Caldas, Cundinamarca, Quindío, Risaralda, Valle;Colombia, Venezuela
27;ARECACEAE;Ceroxylon;Ceroxylon ceriferum;(H.Karst.) Pittier;Ceroxylon schultzei Burret;Henderson et al. 1995, Galeano & Bernal 2010, Sanín & Galeano 2011;;Árbol, Palma solitaria;Nativa;En Peligro;Galeano 7584 (COL);;Andes, Sierra Nevada de Santa Marta;1900 m;2800 m;Cesar, La Guajira, Magdalena;Colombia y Venezuela
28;ARECACEAE;Ceroxylon;Ceroxylon quindiuense;(H.Karst.) H.Wendl.;Ceroxylon floccosum Burret;Galeano & Bernal 1983, Henderson et al. 1995, Galeano & Bernal 2005, Galeano & Bernal 2010, Sanín & Galeano 2011;;Árbol, Palma solitaria;Nativa;En Peligro;Bernal 53 (COL);Tipo de Colombia;Andes;1550 m;3100 m;Antioquia, Boyacá, Caldas, Caquetá, Cundinamarca, Meta, Norte de Santander, Putumayo, Quindío, Risaralda, Santander, Tolima, Valle;Colombia, O Venezuela, N Perú
29;ARECACEAE;Ceroxylon;Ceroxylon sasaimae;Galeano;;Henderson et al. 1995, Galeano & Bernal 2005, Galeano & Bernal 2010, Sanín & Galeano 2011, Bernal & Manrique 2012;;Árbol, Palma solitaria;Nativa;En Peligro;Galeano 686 (HT: COL);Tipo de Colombia;Andes;1350 m;1800 m;Antioquia, Cundinamarca;Cordilleras Central y Oriental
30;ARECACEAE;Ceroxylon;Ceroxylon ventricosum;Burret;;Henderson et al. 1995, Galeano & Bernal 2005, Galeano & Bernal 2010;;Árbol, Palma solitaria;Nativa;En Peligro;Bernal 2477 (COL);;Andes;1600 m;3000 m;Cauca, Nariño, Putumayo;Colombia y Ecuador
31;ARECACEAE;Ceroxylon;Ceroxylon vogelianum;(Engel) H.Wendl.;Ceroxylon flexuosum Galeano & R.Bernal, Ceroxylon hexandrum Dugand;Henderson et al. 1995, Galeano & Bernal 2010, Sanín & Galeano 2011;;Árbol, Palma solitaria;Nativa;Vulnerable;Bernal 566 (COL, HUA);Tipo de Colombia;Andes;1900 m;3000 m;Antioquia, Boyacá, Caldas, Caquetá, Cauca, Cundinamarca, Huila, Nariño, Norte de Santander, Putumayo, Quindío, Risaralda, Santander, Valle;Venezuela a Bolivia
32;ARECACEAE;Chamaedorea;Chamaedorea allenii;L.H.Bailey;;Hodel 1992, Henderson et al. 1995, Galeano & Bernal 2010;;Subarbusto, Palma solitaria;Nativa;Casi Amenazada;Bernal 263 (HUA);;Andes, Pacífico;100 m;1440 m;Antioquia, Chocó, Córdoba, Risaralda;NO Colombia a Costa Rica
33;ARECACEAE;Chamaedorea;Chamaedorea christinae;Hodel;;Hodel 1997, Galeano & Bernal 2010;;Arbusto, Palma solitaria;Nativa;Casi Amenazada;"Gentry 40692 (HT: MO; IT: COL)";Tipo de Colombia;Pacífico;10 m;100 m;Cauca, Valle;O Colombia
34;ARECACEAE;Chamaedorea;Chamaedorea deckeriana;(Klotzsch) Hemsl.;;;;Palma solitaria;;No Evaluada;;Registro basado en identificación errónea;;;;Desconocido;
35;ARECACEAE;Chamaedorea;Chamaedorea deneversiana;Grayum & Hodel;;Galeano & Bernal 2010;;Subarbusto, Arbusto, Palma solitaria;Nativa;Preocupación Menor;Bernal 916 (COL);;Andes, Pacífico;50 m;1300 m;Chocó, Nariño;Costa Rica a N Ecuador
36;ARECACEAE;Chamaedorea;Chamaedorea elegans;Mart.;;Hodel 1992, Galeano & Bernal 2010;;Hierba, Subarbusto, Palma solitaria;Cultivada;No Evaluada;;;;0 m;2600 m;Antioquia, Cundinamarca, Valle;"México y Guatemala; cultivada en todo el mundo"
37;ARECACEAE;Chamaedorea;Chamaedorea geonomiformis;H.Wendl.;;;;Palma solitaria;;No Evaluada;;Registro basado en identificación errónea;;;;Desconocido;
38;ARECACEAE;Chamaedorea;Chamaedorea linearis;(Ruiz & Pav.) Mart.;Chamaedorea latisecta (L.H.Bailey) A.H.Gentry;Hodel 1992, Henderson et al. 1995, Galeano & Bernal 2010;;Arbusto, Palma solitaria;Nativa;Casi Amenazada;Bernal 545 (COL);;Andes, Pacífico, Sierra Nevada de Santa Marta;300 m;2800 m;Antioquia, Caldas, Caquetá, Cauca, Chocó, La Guajira, Huila, Magdalena, Nariño, Norte de Santander, Putumayo, Quindío, Risaralda, Santander, Tolima, Valle;Venezuela a Bolivia
39;ARECACEAE;Chamaedorea;Chamaedorea pauciflora;Mart.;Chamaedorea integrifolia (Trail) Dammer, Morenia integrifolia Trail, Morenia pauciflora (Mart.) Drude;Galeano 1991, Hodel 1992, Henderson et al. 1995;;Hierba, Subarbusto, Palma solitaria;Nativa;Preocupación Menor;Galeano 1562, 1563 (COAH, COL, NY);Tipo de Colombia;Amazonia;80 m;410 m;Amazonas, Caquetá, Putumayo;O Amazonia en Colombia, Ecuador, Perú y Brasil
40;ARECACEAE;Chamaedorea;Chamaedorea pinnatifrons;(Jacq.) Oerst.;Chamaedorea brevifrons H.Wendl., Chamaedorea concinna Burret, Chamaedorea dryanderae Burret, Chamaedorea kalbreyeriana Burret;Hodel 1992, Henderson et al. 1995, Galeano & Bernal 2010;;Subarbusto, Palma solitaria;Nativa;Preocupación Menor;Bernal 538 (COL);;Amazonia, Andes, Pacífico, Sierra Nevada de Santa Marta;30 m;2500 m;Amazonas, Antioquia, Boyacá, Caldas, Caquetá, Casanare, Cauca, Chocó, Córdoba, Cundinamarca, La Guajira, Huila, Magdalena, Meta, Nariño, Norte de Santander, Putumayo, Quindío, Risaralda, Santander, Tolima, Valle;S México a C Suramérica
41;ARECACEAE;Chamaedorea;Chamaedorea ponderosa;Hodel;;Galeano & Bernal 2010;;Arbusto, Palma solitaria;Nativa;Datos Insuficientes;Gentry 28690 (MO);;Pacífico;1300 m;1520 m;Chocó;NO Colombia, E Panamá
42;ARECACEAE;Chamaedorea;Chamaedorea pumila;H.Wendl.;Chamaedorea sullivaniorum Hodel & N.W.Uhl;Hodel 1992, Galeano & Bernal 2005;;Hierba, Palma solitaria;Nativa;Vulnerable;Forero 3085 (COL, MO);;Andes;600 m;1350 m;Antioquia, Chocó;O Colombia a Costa Rica
43;ARECACEAE;Chamaedorea;Chamaedorea pygmaea;H.Wendl.;;Hodel 1992, Galeano & Bernal 2005, Galeano & Bernal 2010;;Hierba, Palma solitaria;Nativa;Vulnerable;Bernal 707 (COL);;Andes;600 m;1850 m;Antioquia, Chocó, Santander;N Colombia a E Costa Rica
44;ARECACEAE;Chamaedorea;Chamaedorea ricardoi;R.Bernal et al.;;Bernal et al. 2004, Galeano & Bernal 2005, Galeano & Bernal 2010;;Arbusto, Palma solitaria;Nativa;En Peligro;"Callejas 8539 (HT: HUA; IT: COL)";Tipo de Colombia;Pacífico, Valle del Magdalena;100 m;920 m;Antioquia, Boyacá, Caldas, Córdoba, Santander;Urabá y Magdalena medio
45;ARECACEAE;Chamaedorea;Chamaedorea seifrizii;Burret;;Morales et al. 2000, Galeano & Bernal 2010;;Subarbusto, Arbusto, Palma solitaria;Cultivada;No Evaluada;;;;0 m;2600 m;Antioquia, Cundinamarca, Tolima, Valle;"SE México a Honduras; cultivada en todo el mundo"
46;ARECACEAE;Chamaedorea;Chamaedorea tepejilote;Liebm.;Chamaedorea columbica Burret;Hodel 1992, Henderson et al. 1995, Galeano & Bernal 2010;;Arbusto, Palma solitaria;Nativa;Casi Amenazada;Bernal 929 (COL);;Andes, Pacífico;0 m;1500 m;Antioquia, Chocó, Quindío, Valle;México a O Colombia
47;ARECACEAE;Chamaedorea;Chamaedorea warscewiczii;H.Wendl.;Chamaedorea macroloba Galeano, Chamaedorea murriensis Galeano;Galeano 1986b, Hodel 1992, Henderson et al. 1995;;Arbusto, Palma solitaria;Nativa;Casi Amenazada;Bernal 705 (COL);;Andes, Pacífico;0 m;1500 m;Antioquia, Caldas, Chocó;NO Colombia a E Panamá
48;ARECACEAE;Chamaedorea;Chamaedorea woodsoniana;L.H.Bailey;;Galeano & Bernal 2010;;Arbusto, Palma solitaria;Nativa;Datos Insuficientes;Gentry 28702 (COL, MO);;Pacífico;1300 m;1520 m;Chocó;México a NO Colombia
49;ARECACEAE;Chelyocarpus;Chelyocarpus dianeurus;(Burret) H.E.Moore;;Henderson et al. 1995, Galeano & Bernal 2010;;Arbusto, Árbol, Palma solitaria;Nativa;Casi Amenazada;Bernal 1083 (COL, FTG, NY);Tipo de Colombia;Pacífico;0 m;100 m;Chocó, Valle;O Colombia
50;ARECACEAE;Chelyocarpus;Chelyocarpus repens;F.Kahn & K.Mejia;;Galeano & Bernal 2010;;Subarbusto, Palma solitaria;Nativa;Preocupación Menor;López 5164 (COAH);;Amazonia;90 m;90 m;Amazonas;S Colombia, NE Perú
51;ARECACEAE;Chelyocarpus;Chelyocarpus ulei;Dammer;;Galeano 1991, Henderson et al. 1995, Galeano & Bernal 2010;;Arbusto, Palma solitaria;Nativa;Preocupación Menor;Galeano 1671 (COL, NY, HUA);;Amazonia;300 m;300 m;Amazonas, Caquetá;NO Amazonia en Ecuador, Perú, Brasil y Colombia
52;ARECACEAE;Coccothrinax;Coccothrinax argentata;(Jacq.) L.H.Bailey;Coccothrinax jamaicensis Read;Galeano 1985, Henderson et al. 1995, Galeano & Bernal 2010;;Arbusto, Arbolito, Palma solitaria;Nativa;En Peligro;Bernal 2517 (COL, HUA);;Islas Caribeñas;0 m;300 m;San Andrés, Providencia y Santa Catalina;O Caribe, de Bahamas a San Andrés
53;ARECACEAE;Cocos;Cocos nucifera;L.;;Galeano & Bernal 1987, Galeano & Bernal 2010;;Árbol, Palma solitaria;Nativa y cultivada;No Evaluada;Bernal 517 (COL);;Amazonia, Andes, Guayana y Serranía de La Macarena, Islas Caribeñas, Llanura del Caribe, Orinoquia, Pacífico, Valle del Cauca, Valle del Magdalena;0 m;1500 m;Amazonas, Antioquia, Arauca, Atlántico, Bolívar, Boyacá, Caldas, Caquetá, Casanare, Cauca, Cesar, Chocó, Córdoba, Cundinamarca, Guainía, La Guajira, Guaviare, Huila, Magdalena, Meta, Nariño, Norte de Santander, Putumayo, Quindío, Risaralda, San Andrés, Providencia y Santa Catalina, Santander, Sucre, Tolima, Valle, Vaupés, Vichada;"Origen incierto; cultivada en los trópicos"
54;ARECACEAE;Copernicia;Copernicia tectorum;(Kunth) Mart.;Copernicia sanctae-martae Becc.;Henderson et al. 1995, Galeano & Bernal 2010;;Arbusto, Árbol, Palma solitaria;Nativa;Casi Amenazada;Bernal 1740 (COL);;Llanura del Caribe;0 m;100 m;Atlántico, Bolívar, Cesar, La Guajira, Magdalena, Sucre;N Colombia y N Venezuela
55;ARECACEAE;Cryosophila;Cryosophila kalbreyeri;(Burret) Dahlgren;Acanthorrhiza kalbreyeri Burret, Cryosophila kalbreyeri subsp. cogolloi R.Evans;Galeano & Bernal 1987, Evans 1995, Galeano & Bernal 2005;;Arbusto, Árbol, Palma solitaria;Nativa;Vulnerable;Bernal 399 (COL);Tipo de Colombia;Andes, Llanura del Caribe, Pacífico, Valle del Magdalena;0 m;1200 m;Antioquia, Bolívar, Boyacá, Chocó, Córdoba, Sucre;E Panamá a NO Colombia
56;ARECACEAE;Cryosophila;Cryosophila macrocarpa;R.J.Evans;;Evans 1995, Henderson et al. 1995, Galeano & Bernal 2010;;Arbusto, Palma solitaria;Nativa;Datos Insuficientes;Evans 213 (HT: COL, IT: JAUM, MICH, MO);Tipo de Colombia;Pacífico;0 m;50 m;Chocó;NO Colombia
57;ARECACEAE;Cyrtostachys;Cyrtostachys renda;Blume;;Galeano & Bernal 2010;;Arbusto, Palma solitaria;Cultivada;No Evaluada;;;Andes, Llanura del Caribe, Valle del Cauca;400 m;1500 m;Antioquia, Cundinamarca, Meta, Quindío, Valle;"Tailandia a Indonesia; cultivada en los trópicos"
58;ARECACEAE;Dictyocaryum;Dictyocaryum lamarckianum;(Mart.) H.Wendl.;Dictyocaryum globiferum Dugand, Dictyocaryum platysepalum Burret, Dictyocaryum schultzei Burret, Iriartea lamarckiana Mart.;Galeano & Bernal 1987, Henderson 1990, Henderson et al. 1995;;Árbol, Palma solitaria;Nativa;Preocupación Menor;Bernal 260 (COL, HUA);;Andes, Sierra Nevada de Santa Marta;400 m;2100 m;Antioquia, Boyacá, Caquetá, Cauca, Chocó, Huila, Magdalena, Meta, Risaralda, Valle;"Venezuela a Bolivia; E Panamá"
59;ARECACEAE;Dictyocaryum;Dictyocaryum ptarianum;(Steyerm.) H.E.Moore & Steyerm.;Dahlgrenia ptariana Steyerm.;Henderson 1990, Galeano 1991, Galeano & Bernal 2010;;Árbol, Palma solitaria;Nativa;Preocupación Menor;Galeano 1281 (COL, NY);;Amazonia, Guayana y Serranía de La Macarena;100 m;300 m;Amazonas;Colombia, Venezuela, Guyana, Brasil, Perú
60;ARECACEAE;Dypsis;Dypsis decaryi;(Jum.) Beentje & J.Dransf.;Neodypsis decaryi Jum.;Morales et al. 2000, Galeano & Bernal 2010;;Árbol, Palma solitaria;Cultivada;No Evaluada;;;;500 m;1500 m;Antioquia, Cundinamarca, Tolima, Valle;"SE Madagascar; cultivada en los trópicos"
61;ARECACEAE;Dypsis;Dypsis madagascariensis;(Becc.) Beentje & J.Dransf.;Chrysalidocarpus lucubensis Becc., Chrysalidocarpus madagascariensis Becc.;Morales et al. 2000, Galeano & Bernal 2010;;Árbol, Palma solitaria;Cultivada;No Evaluada;;;;500 m;1500 m;Antioquia, Cundinamarca, Valle;"Madagascar; cultivada en los trópicos"
62;ARECACEAE;Elaeis;Elaeis guineensis;Jacq.;;Ospina & Ochoa 1998, Morales et al. 2000, Galeano & Bernal 2010;;Árbol, Palma solitaria;Cultivada;No Evaluada;;;;100 m;1500 m;Amazonas, Antioquia, Bolívar, Caquetá, Casanare, Cesar, Chocó, Córdoba, Cundinamarca, Magdalena, Meta, Nariño, Norte de Santander, Putumayo, Quindío, Risaralda, Santander, Sucre, Tolima, Valle;"África tropical; cultivada en los trópicos"
63;ARECACEAE;Elaeis;Elaeis oleifera;(Kunth) Cortés;Alfonsia oleifera Kunth;Galeano & Bernal 1987, Henderson et al. 1995, Galeano & Bernal 2005;;Arbusto, Árbol, Palma solitaria;Nativa;En Peligro;Bernal 401 (COL, HUA);Tipo de Colombia;Llanura del Caribe, Pacífico, Valle del Magdalena;0 m;300 m;Antioquia, Bolívar, Boyacá, Caldas, Cesar, Chocó, Córdoba, Magdalena, Santander, Sucre, Tolima;Costa Rica a Surinam y E Brasil
64;ARECACEAE;Euterpe;Euterpe longivaginata;Mart.;Euterpe kalbreyeri Burret, Euterpe microcarpa Burret, Euterpe precatoria var. longevaginata (Mart.) A.J.Hend., Euterpe rhodoxyla Dugand;;;Árbol, Palma cespitosa, Palma solitaria;Nativa;Preocupación Menor;Bernal 187 (COL);;Andes, Orinoquia, Pacífico, Valle del Magdalena;80 m;1900 m;Antioquia, Boyacá, Chocó, La Guajira, Magdalena, Norte de Santander, Risaralda, Santander, Tolima, Valle;Guatemala a Venezuela, O Brasil y Bolivia
65;ARECACEAE;Euterpe;Euterpe precatoria;Mart.;;Galeano & Bernal 1987, Henderson et al. 1995, Henderson & Galeano 1996;;Árbol, Palma solitaria;Nativa;Preocupación Menor;Bernal 4494 (AAU, COL);;Amazonia, Guayana y Serranía de La Macarena, Orinoquia;0 m;450 m;Amazonas, Arauca, Caquetá, Casanare, Guainía, Guaviare, Meta, Norte de Santander, Putumayo, Vaupés, Vichada;Belice a Guayanas, Brasil y Bolivia
66;ARECACEAE;Geonoma;Geonoma baculifera;(Poit.) Kunth;;Galeano & Bernal 2010, Henderson 2011a;;Arbusto, Palma solitaria;Nativa;Preocupación Menor;Bernal 4483 (COL);;Amazonia;80 m;150 m;Amazonas, Guainía, Vichada;S y E Colombia, Venezuela, Guayanas y N Brasil
67;ARECACEAE;Geonoma;Geonoma brongniartii;Mart.;;Galeano 1991, Henderson 1995, Galeano & Bernal 2010;;Hierba, Subarbusto, Arbusto, Palma solitaria;Nativa;Preocupación Menor;Bernal 2043 (COL);;Amazonia, Andes, Guayana y Serranía de La Macarena, Orinoquia;75 m;1200 m;Amazonas, Caquetá, Cauca, Meta, Putumayo;S Colombia, E Ecuador, N Perú y O Brasil
68;ARECACEAE;Geonoma;Geonoma calyptrogynoidea;Burret;;Galeano & Bernal 1987, Henderson 2005, Galeano & Bernal 2010;;Arbusto, Palma solitaria;Nativa;Preocupación Menor;"Cárdenas 668 (NT: MO; INT: CAS, JAUM)";Tipo de Colombia;Pacífico, Valle del Magdalena;0 m;900 m;Antioquia, Cauca, Chocó, Córdoba, Nariño, Santander, Valle;O Colombia y NO Ecuador
69;ARECACEAE;Geonoma;Geonoma camana;Trail;Taenianthera camana (Trail) Burret;Galeano 1991, Henderson 1995, Galeano & Bernal 2010;;Subarbusto, Arbusto, Palma solitaria;Nativa;Preocupación Menor;Bernal 2043 (COL);;Amazonia;80 m;300 m;Amazonas, Caquetá, Putumayo, Vaupés;S Colombia, E Ecuador, N Perú y NO Brasil
70;ARECACEAE;Geonoma;Geonoma chlamydostachys;Galeano-Garcés;;Galeano 1986a, Henderson et al. 1995, Galeano & Bernal 2005, Galeano & Bernal 2010, Henderson 2011a;;Arbusto, Palma solitaria;Nativa;Vulnerable;Hernández 685 (HT: HUA);Tipo de Colombia;Andes, Valle del Magdalena;300 m;1450 m;Antioquia, Caldas, Cundinamarca;
71;ARECACEAE;Geonoma;Geonoma chococola;Wess.Boer;Geonoma awaensis A.J.Hend. et al.;Wessels Boer 1968, Galeano & Bernal 2010, Henderson 2011a;;Arbusto, Palma solitaria;Nativa;Preocupación Menor;Cook 84 (HT: US);Tipo de Colombia;Andes, Pacífico;0 m;700 m;Antioquia, Cauca, Chocó, Nariño, Valle;O Colombia, O Panamá
72;ARECACEAE;Geonoma;Geonoma cuneata;Spruce;Geonoma cuneatoidea Burret, Geonoma grandifrons Burret;Galeano & Bernal 1987, Henderson et al. 1995, Galeano & Bernal 2010;Geonoma cuneata subsp. cuneata , Geonoma cuneata subsp. linearis (Burret) A.J.Hend., Geonoma cuneata subsp. procumbens (Spruce) A.J.Hend., Geonoma cuneata subsp. rubra A.J.Hend.;Hierba, Arbusto, Palma acaule, Palma solitaria;Nativa;Preocupación Menor;Bernal 655 (COL, HUA);;Andes, Pacífico;0 m;1500 m;Antioquia, Cauca, Chocó, Córdoba, Nariño, Valle;Nicaragua a NO Ecuador
73;ARECACEAE;Geonoma;Geonoma frontinensis;Burret;Geonoma mucronata Burret;Galeano & Bernal 2010;;Arbusto, Palma solitaria;Nativa;Casi Amenazada;Lehmann 7323 (IT: K);Tipo de Colombia;Andes;1000 m;2060 m;Antioquia, Boyacá, Caldas, Cauca, Cundinamarca, Putumayo, Quindío, Tolima, Valle;
74;ARECACEAE;Geonoma;Geonoma interrupta;(Ruiz & Pav.) Mart.;Geonoma dryanderae Burret, Geonoma pinnatifrons Willd., Geonoma pinnatifrons subsp. platybothros (Burret) A.J.Hend., Geonoma pinnatifrons subsp. ramosissima (Burret) A.J.Hend., Geonoma purdieana Spruce, Geonoma ramosissima Burret, Geonoma rivalis Burret;Henderson 1995, Henderson et al. 1995, Galeano & Bernal 2010;Geonoma interrupta subsp. interrupta , Geonoma interrupta subsp. magnifica (Linden & H.Wendl.) A.J.Hend., Geonoma interrupta subsp. platybothros (Burret) Galeano & R.Bernal, Geonoma interrupta subsp. purdieana (Spruce) A.J.Hend., Geonoma interrupta subsp. ramosissima (Burret) Galeano & R.Bernal, Geonoma interrupta subsp. rivalis (Kalbreyer & Burret) A.J.Hend.;Arbusto, Palma solitaria;Nativa;Preocupación Menor;Bernal 306 (COL, NY, NT de G. ramosissima);;Andes, Pacífico, Sierra Nevada de Santa Marta, Valle del Magdalena;20 m;1540 m;Antioquia, Boyacá, Cauca, Chocó, Magdalena, Meta, Norte de Santander, Santander, Valle;México a Venezuela y N Bolivia
75;ARECACEAE;Geonoma;Geonoma lehmannii;Burret;Geonoma acutangula Burret, Geonoma dicranospadix Burret, Geonoma gracillima Burret, Geonoma helminthostachys Burret;Galeano & Bernal 2010, Henderson 2011a;Geonoma lehmannii subsp. lehmannii ;Arbusto, Palma solitaria;Nativa;Casi Amenazada;Bernal 12 (COL, HUA);;Andes;1500 m;2700 m;Antioquia, Caquetá, Cauca, Chocó, Huila, Putumayo, Risaralda;"Venezuela a Bolivia; O Panamá"
76;ARECACEAE;Geonoma;Geonoma multisecta;(Burret) Burret;Geonoma polyandra Skov;Galeano & Bernal 2010, Henderson 2011a;;Subarbusto, Palma solitaria;Nativa;Preocupación Menor;Bernal 1409 (COL);;Amazonia, Andes;200 m;1000 m;Caquetá, Putumayo;O Amazonia en Colombia y Ecuador
77;ARECACEAE;Geonoma;Geonoma oligoclona;Trail;;Wessels Boer 1968, Henderson 1995, Galeano & Bernal 2010;;Arbusto, Palma cespitosa, Palma solitaria;Nativa;Preocupación Menor;Galeano 2106 (COL);;Amazonia;100 m;250 m;Amazonas, Vaupés;S y E Colombia, O Venezuela, NO Brasil
78;ARECACEAE;Geonoma;Geonoma orbignyana;Mart.;Geonoma aulacophylla Burret, Geonoma goniocarpa Burret, Geonoma jussieuana Mart., Geonoma lepidota Burret, Geonoma lindeniana H.Wendl., Geonoma linearifolia H.Karst., Geonoma macroura Burret, Geonoma marggraffia Engel, Geonoma microclada Burret, Geonoma paleacea Burret, Geonoma plicata Burret, Geonoma pumila Linden & H.Wendl., Geonoma wendlandiana Burret;Galeano & Bernal 1987, Henderson et al. 1995, Galeano & Bernal 2010;Geonoma orbignyana subsp. orbignyana ;Arbusto, Palma solitaria;Nativa;Casi Amenazada;Bernal 638 (COL);;Andes;700 m;2900 m;Antioquia, Boyacá, Caldas, Caquetá, Cauca, Cesar, Chocó, Cundinamarca, La Guajira, Huila, Magdalena, Meta, Nariño, Norte de Santander, Putumayo, Quindío, Risaralda, Santander, Tolima, Valle;Honduras a Panamá y Andes de Venezuela a Bolivia
79;ARECACEAE;Geonoma;Geonoma paradoxa;Burret;;Wessels Boer 1968, Henderson et al. 1995, Galeano & Bernal 2010;;Hierba, Subarbusto, Palma solitaria;Nativa;No Evaluada;Bernal 4259 (COL);Tipo de Colombia;Pacífico;5 m;100 m;Cauca, Nariño, Valle;SO Colombia y NO Ecuador
80;ARECACEAE;Geonoma;Geonoma poeppigiana;Mart.;Geonoma longepedunculata Burret;Henderson 1995, Henderson et al. 1995, Galeano & Bernal 2010;;Arbusto, Palma solitaria;Nativa;Preocupación Menor;Galeano 1351 (COAH, COL, NY);;Amazonia;80 m;250 m;Amazonas, Caquetá, Putumayo;O Amazonia en Colombia, Ecuador, Perú y Brasil
81;ARECACEAE;Geonoma;Geonoma solitaria;(Engel) A.W.Hill;Geonoma weberbaueri Burret;Bernal & Galeano 1989;;Arbusto, Arbolito, Palma solitaria;Nativa;Preocupación Menor;Bernal 1351 (AAU, BH, COL, FTG, HUA, K, NY);;Andes;2300 m;3200 m;Antioquia, Boyacá, Caldas, Caquetá, Cauca, Cesar, Chocó, Cundinamarca, La Guajira, Huila, Magdalena, Meta, Nariño, Norte de Santander, Putumayo, Quindío, Risaralda, Santander, Tolima, Valle;Venezuela a Bolivia
82;ARECACEAE;Geonoma;Geonoma triglochin;Burret;;Wessels Boer 1968, Henderson 1995, Henderson et al. 1995;;Arbusto, Palma solitaria;Nativa;Casi Amenazada;Bernal 1421 (COL);Tipo de Colombia;Andes;700 m;1500 m;Caquetá, Cauca, Putumayo;Piedemonte amazónico de Colombia a Perú
83;ARECACEAE;Geonoma;Geonoma undata;Klotzsch;Geonoma appuniana Spruce, Geonoma densa Linden & H.Wendl., Geonoma euterpoidea Burret, Geonoma iodolepis Burret, Geonoma stenothyrsa Burret;Galeano & Bernal 1987, Galeano & Bernal 2010, Henderson 2011a;Geonoma undata subsp. stenothyrsa (Burret) A.J.Hend., Geonoma undata subsp. undata ;Arbusto, Árbol, Palma solitaria;Nativa;Casi Amenazada;Bernal 380 (COL, HUA, NY);;Andes, Sierra Nevada de Santa Marta;1200 m;2700 m;Antioquia, Boyacá, Caldas, Caquetá, Cauca, Cesar, Chocó, Cundinamarca, La Guajira, Huila, Magdalena, Meta, Nariño, Norte de Santander, Putumayo, Quindío, Risaralda, Santander, Tolima, Valle;"Andes de Venezuela a Bolivia; Antillas Menores, E Panamá"
84;ARECACEAE;Geonoma;Geonoma wilsonii;Galeano & R.Bernal;;Galeano & Bernal 2002, Galeano & Bernal 2010;;Subarbusto, Arbusto, Palma solitaria;Nativa;Casi Amenazada;Bernal 2900 (HT: COL);Tipo de Colombia;Andes;1350 m;1900 m;Caquetá;Cordillera Oriental
85;ARECACEAE;Howea;Howea forsteriana;(F.Muell.) Becc.;;Morales et al. 2000, Galeano & Bernal 2010;;Árbol, Palma solitaria;Cultivada;No Evaluada;Bernal 2 (COL);;;0 m;2600 m;Antioquia, Cundinamarca, Valle;"Isla Lord Howe, al E Australia; cultivada en los trópicos y subtrópicos"
86;ARECACEAE;Hyophorbe;Hyophorbe verschaffeltii;H.Wendl.;;Morales et al. 2000, Galeano & Bernal 2010;;Arbusto, Palma solitaria;Cultivada;No Evaluada;;;;0 m;1600 m;Antioquia, Cundinamarca, Valle;"Isla Rodrigues; cultivada en los trópicos"
87;ARECACEAE;Iriartea;Iriartea deltoidea;Ruiz & Pav.;Deckeria corneto H.Karst., Iriartea corneto (H.Karst.) H.Wendl., Iriartea megalocarpa Burret, Iriartea ventricosa Mart.;Galeano & Bernal 1987, Henderson 1990, Henderson et al. 1995;;Árbol, Palma solitaria;Nativa;Preocupación Menor;Bernal 300 (COL, HUA);;Amazonia, Andes, Guayana y Serranía de La Macarena, Orinoquia, Pacífico, Valle del Magdalena;0 m;1350 m;Amazonas, Antioquia, Caquetá, Cauca, Chocó, Córdoba, Guainía, Guaviare, Meta, Nariño, Putumayo, Valle, Vaupés;Nicaragua a Venezuela, O Brasil y Bolivia
88;ARECACEAE;Itaya;Itaya amicorum;H.E.Moore;;Galeano 1991, Henderson 1995, Galeano & Bernal 2010;;Arbusto, Palma solitaria;Nativa;Preocupación Menor;Galeano 1654 (COAH, COL, HUA, NY);;Amazonia;100 m;250 m;Amazonas;S Colombia, NE Perú y O Brasil
89;ARECACEAE;Leopoldinia;Leopoldinia piassaba;Wallace;;Henderson 1995, Galeano & Bernal 2010;;Árbol, Palma solitaria;Nativa;Casi Amenazada;Bernal 2117 (COL, TULV);;Guayana y Serranía de La Macarena;80 m;200 m;Guainía, Vichada;E Colombia, O Venezuela y NO Brasil
90;ARECACEAE;Livistona;Livistona chinensis;(Jacq.) Mart.;;Morales et al. 2000, Galeano & Bernal 2010;;Árbol, Palma solitaria;Cultivada;No Evaluada;Bernal 3 (COL);;;0 m;1600 m;Antioquia, Cundinamarca, Valle;"S China a Vietnam; cultivada en los trópicos"
91;ARECACEAE;Livistona;Livistona rotundifolia;(Lam.) Mart.;;Morales et al. 2000, Galeano & Bernal 2010;;Árbol, Palma solitaria;Cultivada;No Evaluada;;;;0 m;2600 m;Antioquia, Cundinamarca, Valle;"SE Asia; cultivada en los trópicos"
92;ARECACEAE;Lytocaryum;Lytocaryum weddellianum;(H.Wendl.) Toledo;;Morales et al. 2000, Galeano & Bernal 2010;;Arbusto, Palma solitaria;Cultivada;No Evaluada;Galeano 16 (COL);;;1500 m;1700 m;Antioquia;"SE Brasil; cultivada en los trópicos"
93;ARECACEAE;Mauritia;Mauritia carana;Wallace;;Galeano 1991, Henderson 1995, Galeano & Bernal 2010;;Árbol, Palma solitaria;Nativa;Preocupación Menor;Galeano 1882 (COAH, COL, NY);;Guayana y Serranía de La Macarena;100 m;250 m;Amazonas, Caquetá, Guainía, Guaviare, Vaupés;SE Colombia, O Venezuela, NE Perú y N Brasil
94;ARECACEAE;Mauritia;Mauritia flexuosa;L.f.;;Galeano 1991, Henderson 1995, Galeano & Bernal 2010;;Árbol, Palma solitaria;Nativa;Preocupación Menor;Galeano 1142 (COAH, COL, NY);;Amazonia, Guayana y Serranía de La Macarena;40 m;450 m;Amazonas, Arauca, Caquetá, Casanare, Guainía, Guaviare, Meta, Putumayo, Vaupés, Vichada;N y C Suramérica al E Andes
95;ARECACEAE;Oenocarpus;Oenocarpus bacaba;Mart.;;Balick 1986, Galeano 1991, Henderson 1995;;Árbol, Palma solitaria;Nativa;Preocupación Menor;Galeano 1292 (COAH, COL, NY);;Guayana y Serranía de La Macarena;60 m;300 m;Amazonas, Caquetá, Guainía, Vaupés;Guayana de Colombia a Brasil
96;ARECACEAE;Oenocarpus;Oenocarpus balickii;F.Kahn;;Henderson 1995, Henderson et al. 1995, Galeano & Bernal 2010;;Árbol, Palma solitaria;Nativa;Preocupación Menor;Galeano 2033 (COL, HUA, NY);;Amazonia, Guayana y Serranía de La Macarena;80 m;200 m;Amazonas, Guainía, Vaupés;O Amazonia en Colombia, Venezuela, Brasil y Perú
97;ARECACEAE;Oenocarpus;Oenocarpus bataua;Mart.;Jessenia bataua (Mart.) Burret, Jessenia polycarpa H.Karst., Jessenia repanda Engel;Balick 1986, Galeano & Bernal 1987, Henderson et al. 1995;Oenocarpus bataua var. bataua ;Árbol, Palma solitaria;Nativa;Preocupación Menor;Bernal 299 (COL);;Amazonia, Andes, Guayana y Serranía de La Macarena, Orinoquia, Pacífico, Valle del Magdalena;0 m;1000 m;Amazonas, Antioquia, Arauca, Bolívar, Boyacá, Caldas, Caquetá, Casanare, Cauca, Chocó, Córdoba, Cundinamarca, Guainía, Guaviare, Meta, Nariño, Norte de Santander, Putumayo, Risaralda, Santander, Valle, Vaupés, Vichada;N y C Suramérica a E Panamá
98;ARECACEAE;Oenocarpus;Oenocarpus circumtextus;Mart.;;Balick 1986, Bernal et al. 1991, Henderson 1995;;Arbusto, Palma solitaria;Nativa;Vulnerable;Galeano 1997 (COL, HUA, K, NY);Tipo de Colombia;Amazonia;300 m;300 m;Amazonas;Río Caquetá
99;ARECACEAE;Oenocarpus;Oenocarpus makeru;R.Bernal et al.;;Bernal et al. 1991, Henderson 1995, Henderson et al. 1995;;Árbol, Palma solitaria;Nativa;Casi Amenazada;"Galeano 2070 (HT: COL; IT: NY)";Conocida solo del tipo;Amazonia;100 m;150 m;Amazonas;Río Caquetá
100;ARECACEAE;Parajubaea;Parajubaea cocoides;Burret;;Henderson et al. 1995, Galeano & Bernal 2010;;Árbol, Palma solitaria;Cultivada;No Evaluada;Bernal 921 (AAU, COL, HUA, NY, PSO);;Andes;1500 m;3000 m;Cundinamarca, Nariño;Colombia y Ecuador
101;ARECACEAE;Phoenix;Phoenix canariensis;Chabaud;;Morales et al. 2000, Galeano & Bernal 2010;;Árbol, Palma solitaria;Cultivada;No Evaluada;;;;1500 m;2600 m;Antioquia, Boyacá, Cundinamarca;"Islas Canarias; cultivada en los trópicos y subtrópicos"
102;ARECACEAE;Phoenix;Phoenix dactylifera;L.;;Galeano & Bernal 2010;;Árbol, Palma solitaria;Cultivada;No Evaluada;;;;1500 m;1500 m;Antioquia;"Península Arábiga a S Pakistán; cultivada en los trópicos"
103;ARECACEAE;Phoenix;Phoenix roebelenii;O'Brien;;Morales et al. 2000, Galeano & Bernal 2010;;Arbusto, Palma solitaria;Cultivada;No Evaluada;Bernal 4 (COL);;;;;Antioquia, Cundinamarca, Tolima, Valle;"China a Indochina; cultivada en los trópicos"
104;ARECACEAE;Pholidostachys;Pholidostachys dactyloides;H.E.Moore;;Galeano & Bernal 1987, Henderson et al. 1995, Galeano & Bernal 2010;;Arbusto, Palma solitaria;Nativa;Preocupación Menor;Cuatrecasas 15982 (IT: COL, F);Tipo de Colombia;Andes, Pacífico;5 m;1500 m;Antioquia, Cauca, Chocó, Nariño, Risaralda, Valle;E Panamá a NO Ecuador
105;ARECACEAE;Pholidostachys;Pholidostachys occidentalis;A.J.Hend.;Calyptrogyne kalbreyeri Burret;Henderson 2012;;Arbusto, Palma solitaria;Nativa;No Evaluada;Bernal 906 (COL, NY);;Andes, Pacífico;300 m;1600 m;Antioquia, Cauca, Chocó, Nariño, Risaralda, Valle;O Colombia, O Ecuador
106;ARECACEAE;Pholidostachys;Pholidostachys panamensis;A.J.Hend.;;Galeano et al. 2014;;Arbusto, Palma solitaria;Nativa;Vulnerable;Galeano 9061 (COL);;Pacífico;100 m;200 m;Chocó;NO Colombia, E Panamá
107;ARECACEAE;Pholidostachys;Pholidostachys pulchra;Burret;Pholidostachys kalbreyeri Burret;Henderson et al. 1995, Galeano & Bernal 2010, Henderson 2012;;Arbusto, Palma solitaria;Nativa;Casi Amenazada;Bernal 1759 (COL, TULV);;Pacífico;0 m;1000 m;Antioquia, Chocó, Valle;O Colombia a Costa Rica
108;ARECACEAE;Pholidostachys;Pholidostachys sanluisensis;A.J.Hend.;;Henderson 2012;;Arbusto, Palma solitaria;Nativa;Vulnerable;Bernal 4343 (COL);;Andes;700 m;1440 m;Antioquia, Caldas;Cordillera Central
109;ARECACEAE;Pholidostachys;Pholidostachys synanthera;(Mart.) H.E.Moore;Calyptrogyne synanthera (Mart.) Burret;;;Arbusto, Palma solitaria;Nativa;Preocupación Menor;Bernal 1384 (COL);;Amazonia;0 m;1625 m;Amazonas, Antioquia, Caquetá, Chocó, Nariño, Valle;"O Colombia a O Ecuador; O Amazonia de Colombia a Perú y O Brasil"
110;ARECACEAE;Phytelephas;Phytelephas macrocarpa;Ruiz & Pav.;Phytelephas karstenii O.F.Cook, Phytelephas pittieri O.F.Cook, Phytelephas schottii H.Wendl., Phytelephas seemannii O.F.Cook;Galeano & Bernal 1987, Barfod 1991, Henderson et al. 1995;;Arbusto, Palma solitaria;Nativa;Casi Amenazada;Bernal 444 (COL, HUA);;Amazonia, Andes, Pacífico, Valle del Magdalena;0 m;1700 m;Amazonas, Antioquia, Boyacá, Cauca, Cesar, Chocó, Córdoba, Cundinamarca, Huila, Norte de Santander, Santander, Tolima, Valle;"O Colombia a O Panamá; Amazonia de Colombia, Perú y Bolivia"
111;ARECACEAE;Phytelephas;Phytelephas tumacana;O.F.Cook;;Barfod 1991, Henderson et al. 1995, Galeano & Bernal 2010;;Arbusto, Árbol, Palma solitaria;Nativa;En Peligro;Bernal 2503 (COL);Tipo de Colombia;Pacífico;0 m;200 m;Nariño;SO Colombia y NO Ecuador
112;ARECACEAE;Pritchardia;Pritchardia pacifica;Seem. & H.Wendl.;;Morales et al. 2000, Galeano & Bernal 2010;;Árbol, Palma solitaria;Cultivada;No Evaluada;;;;0 m;1600 m;Antioquia, Cundinamarca, Tolima, Valle;"S Pacífico; cultivada en los trópicos"
113;ARECACEAE;Roystonea;Roystonea oleracea;(Jacq.) O.F.Cook;;Henderson et al. 1995, Zona 1996, Galeano & Bernal 2010;Roystonea oleracea var. oleracea ;Árbol, Palma solitaria;Nativa y cultivada;En Peligro Crítico;Galeano 7500 (COL);;Orinoquia;150 m;300 m;Arauca, Casanare, Meta;Antillas Menores, Trinidad y Tobago, N Venezuela y NE Colombia
114;ARECACEAE;Roystonea;Roystonea regia;(Kunth) O.F.Cook;;Zona 1996, Morales et al. 2000, Galeano & Bernal 2010;;Árbol, Palma solitaria;Cultivada;No Evaluada;;;;0 m;1800 m;Antioquia, Atlántico, Bolívar, Boyacá, Córdoba, Cundinamarca, Huila, Magdalena, Meta, Norte de Santander, Quindío, Risaralda, Santander, Tolima, Valle;"Cuba; cultivada en los trópicos"
115;ARECACEAE;Sabal;Sabal mauritiiformis;(H.Karst.) Griseb. & H.Wendl.;;Galeano & Bernal 1987, Zona 1990, Henderson et al. 1995;;Árbol, Palma solitaria;Nativa;Casi Amenazada;Bernal 398 (COL, HUA);;Islas Caribeñas, Llanura del Caribe, Orinoquia, Valle del Cauca, Valle del Magdalena;0 m;1000 m;Antioquia, Atlántico, Bolívar, Casanare, Cesar, Chocó, Córdoba, Cundinamarca, La Guajira, Magdalena, San Andrés, Providencia y Santa Catalina, Sucre, Tolima, Valle;Poblaciones disyuntas de México a Colombia y Venezuela
116;ARECACEAE;Sabinaria;Sabinaria magnifica;Galeano & R.Bernal;;Galeano & Bernal 2013;;Arbusto, Palma solitaria;Nativa;Vulnerable;"Galeano 9062 (HT: COL;IT: CHOCO, FMB, JAUM, K)";;Pacífico;100 m;300 m;Chocó;NO Colombia, E Panamá
117;ARECACEAE;Socratea;Socratea exorrhiza;(Mart.) H.Wendl.;Socratea elegans H.Karst., Socratea macrochlamys Burret;Galeano & Bernal 1987, Henderson 1990, Henderson et al. 1995;;Árbol, Palma solitaria;Nativa;Preocupación Menor;Bernal 469 (COL, HUA);;Amazonia, Andes, Guayana y Serranía de La Macarena, Orinoquia, Pacífico, Valle del Magdalena;0 m;1150 m;Amazonas, Antioquia, Arauca, Bolívar, Caquetá, Casanare, Cauca, Chocó, Córdoba, Guainía, Guaviare, Meta, Nariño, Norte de Santander, Putumayo, Risaralda, Santander, Valle, Vaupés, Vichada;S Nicaragua a Brasil y Bolivia
118;ARECACEAE;Socratea;Socratea hecatonandra;(Dugand) R.Bernal;;Galeano & Bernal 1987, Henderson 1990, Henderson et al. 1995;;Árbol, Palma solitaria;Nativa;Preocupación Menor;Bernal 434 (COL);;Andes, Pacífico;0 m;800 m;Antioquia, Cauca, Chocó, Córdoba, Nariño, Valle;NO Colombia a O Ecuador
119;ARECACEAE;Socratea;Socratea rostrata;Burret;Socratea montana R.Bernal & A.J.Hend.;Galeano & Bernal 1987, Henderson 1990, Henderson et al. 1995;;Árbol, Palma solitaria;Nativa;Preocupación Menor;Bernal 631 (COL, HUA, NY);;Andes;500 m;1800 m;Antioquia, Caquetá, Cauca, Chocó, Nariño, Putumayo, Risaralda, Valle;Colombia y Ecuador
120;ARECACEAE;Syagrus;Syagrus orinocensis;(Spruce) Burret;Syagrus allenii Glassman;Glassman 1987, Henderson 1995, Henderson et al. 1995;;Árbol, Palma solitaria;Nativa;Preocupación Menor;Galeano 1322 (COAH, COL);;Guayana y Serranía de La Macarena, Orinoquia;40 m;600 m;Amazonas, Caquetá, Casanare, Guainía, Guaviare, Meta, Vaupés, Vichada;E Colombia y O Venezuela
121;ARECACEAE;Syagrus;Syagrus romanzoffiana;(Cham.) Glassman;;Glassman 1987, Morales et al. 2000, Galeano & Bernal 2010;;Árbol, Palma solitaria;Cultivada;No Evaluada;;;;0 m;2600 m;Antioquia, Cundinamarca;"S Brasil a NE Argentina; cultivada en los trópicos y subtrópicos"
122;ARECACEAE;Syagrus;Syagrus sancona;(Kunth) H.Karst.;;Glassman 1987, Henderson et al. 1995, Galeano & Bernal 2005;;Árbol, Palma solitaria;Nativa y cultivada;Vulnerable;Bernal 1359 (COL);Tipo de Colombia;Amazonia, Andes, Guayana y Serranía de La Macarena, Orinoquia, Pacífico, Valle del Magdalena;200 m;1200 m;Antioquia, Arauca, Caquetá, Casanare, Cundinamarca, Meta, Norte de Santander, Putumayo, Quindío, Risaralda, Tolima, Valle;Andes y tierras bajas aledañas, de Venezuela a Bolivia y O Brasil
123;ARECACEAE;Syagrus;Syagrus smithii;(H.E.Moore) Glassman;;Galeano & Bernal 2010;;Arbusto, Palma solitaria;Nativa;Preocupación Menor;Galeano 1669 (COAH, COL, NY, HUA);;Amazonia;100 m;250 m;Amazonas;O Amazonia en Colombia, Perú y Brasil
124;ARECACEAE;Thrinax;Thrinax parviflora;Sw.;;Morales et al. 2000, Galeano & Bernal 2010;;Árbol, Palma solitaria;Cultivada;No Evaluada;;;;0 m;1500 m;Antioquia, Cundinamarca, San Andrés, Providencia y Santa Catalina;"Jamaica; cultivada en los trópicos"
125;ARECACEAE;Trachycarpus;Trachycarpus fortunei;(Hook.) H.Wendl.;;Morales et al. 2000, Galeano & Bernal 2010;;Árbol, Palma solitaria;Cultivada;No Evaluada;;;;1500 m;1800 m;Antioquia;"Myanmar a C China; cultivada en los trópicos y subtrópicos"
126;ARECACEAE;Washingtonia;Washingtonia filifera;(André) de Bary;;Morales et al. 2000, Galeano & Bernal 2010;;Árbol, Palma solitaria;Cultivada;No Evaluada;;;;0 m;2600 m;Antioquia, Boyacá, Cundinamarca, Tolima, Valle;"California y Baja California; cultivada en los trópicos y subtrópicos"
127;ARECACEAE;Washingtonia;Washingtonia robusta;H.Wendl.;;Morales et al. 2000, Galeano & Bernal 2010;;Árbol, Palma solitaria;Cultivada;No Evaluada;;;;0 m;2600 m;Antioquia, Boyacá, Cundinamarca, Tolima, Valle;"Baja California y Sonora (México); cultivada en los trópicos y subtrópicos"
128;ARECACEAE;Welfia;Welfia regia;H.Wendl.;Welfia georgii H.Wendl.;Galeano & Bernal 1987, Henderson et al. 1995, Galeano & Bernal 2010;;Árbol, Palma solitaria;Nativa;Preocupación Menor;Bernal 691 (COL);Tipo de Colombia;Andes, Pacífico, Valle del Magdalena;0 m;1200 m;Antioquia, Boyacá, Cauca, Chocó, Nariño, Risaralda, Santander, Valle;Honduras a O Ecuador
129;ARECACEAE;Wettinia;Wettinia aequalis;(O.F.Cook & Doyle) R.Bernal;Catoblastus aequalis (O.F.Cook & Doyle) Burret, Catostigma aequale (O.F.Cook & Doyle) Burret;Bernal 1995, Henderson et al. 1995, Galeano & Bernal 2010;;Arbusto, Árbol, Palma solitaria;Nativa;Preocupación Menor;Bernal 1020 (COL);Tipo de Colombia;Andes, Pacífico;0 m;800 m;Antioquia, Cauca, Chocó, Nariño, Risaralda, Valle;C Panamá a O Ecuador
130;ARECACEAE;Wettinia;Wettinia anomala;(Burret) R.Bernal;Catoblastus anomalus (Burret) Burret, Catostigma anomalum Burret;Bernal 1995, Henderson et al. 1995, Galeano & Bernal 2010;;Árbol, Palma solitaria;Nativa;Preocupación Menor;Bernal 1417 (COL);Tipo de Colombia;Andes;900 m;1700 m;Caquetá, Cauca, Putumayo;SE Colombia a NE Ecuador
131;ARECACEAE;Wettinia;Wettinia castanea;H.E.Moore & J.Dransf.;;Moore & Dransfield 1978, Galeano & Bernal 1987, Henderson et al. 1995;;Árbol, Palma solitaria;Nativa;Casi Amenazada;"Moore 10311 (HT: BH; IT: COL, K)";Tipo de Colombia;Andes;1300 m;1800 m;Antioquia, Cauca, Chocó, Risaralda, Valle;Cordillera Occidental
132;ARECACEAE;Wettinia;Wettinia disticha;(R.Bernal) R.Bernal;Catoblastus distichus R.Bernal;Bernal 1986b, Galeano & Bernal 1987, Bernal 1995, Henderson et al. 1995, Galeano & Bernal 2010;;Árbol, Palma solitaria;Nativa;Preocupación Menor;"Restrepo 144 (HT: COL; IT: MEDEL)";Tipo de Colombia;Andes;1700 m;2250 m;Antioquia, Cauca, Chocó, Risaralda, Valle;Cordillera Occidental
133;ARECACEAE;Wettinia;Wettinia kalbreyeri;(Burret) R.Bernal;Catoblastus kalbreyeri (Burret) Burret, Catoblastus megalocarpus (Burret) Burret, Catoblastus microcaryus (Burret) Burret, Catoblastus sphaerocarpus (Burret) Burret, Catostigma inconstans Dugand, Catostigma kalbreyeri Burret, Catostigma megalocarpum Burret, Catostigma microcaryum (Burret) Burret, Catostigma sphaerocarpum Burret, Catostigma sphaerocarpum var. microcaryum Burret;Galeano & Bernal 1987, Bernal 1995, Henderson et al. 1995;;Árbol, Palma solitaria;Nativa;Preocupación Menor;"Bernal 1397 (NT: COL; INT: AAU, BH, HUA, K, NY)";Tipo de Colombia;Andes;400 m;2500 m;Antioquia, Caldas, Caquetá, Cauca, Chocó, Huila, Nariño, Putumayo, Quindío, Risaralda, Valle;Andes de Colombia a N Ecuador
134;ARECACEAE;Wettinia;Wettinia lanata;R.Bernal;;Bernal 1995, Henderson et al. 1995, Galeano & Bernal 2010;;Árbol, Palma solitaria;Nativa;Casi Amenazada;"Bernal 1434 (HT: COL; IT: FMB, HUA, K, NY)";Tipo de Colombia;Andes;2100 m;2600 m;Cauca, Chocó, Valle;Cordillera Occidental
135;ARECACEAE;Wettinia;Wettinia maynensis;Spruce;;Henderson et al. 1995, Galeano & Bernal 2010;;Árbol, Palma solitaria;Nativa;Preocupación Menor;Bernal 2486 (COL);;Amazonia, Andes;200 m;1200 m;Caquetá, Cauca, Putumayo;Andes y tierras bajas aledañas, de Colombia a Perú
136;ARECACEAE;Wettinia;Wettinia microcarpa;(Burret) R.Bernal;Catoblastus microcarpus Burret;Henderson et al. 1995, Galeano & Bernal 2005, Galeano & Bernal 2010;;Árbol, Palma solitaria;Nativa;Vulnerable;"Bernal 1367 (NT: COL; INT: AAU, BH, FTG, HUA, K, NY)";Tipo de Colombia;Andes;1800 m;2300 m;Norte de Santander, Santander;Cordillera Oriental
137;ARECACEAE;Wettinia;Wettinia oxycarpa;Galeano-Garcés & R.Bernal;;Galeano & Bernal 1983, Henderson et al. 1995, Galeano & Bernal 2010;;Árbol, Palma solitaria;Nativa;Casi Amenazada;"Bernal 87 (HT: COL; IT: HUA)";Tipo de Colombia;Andes, Pacífico;400 m;1300 m;Antioquia, Chocó, Nariño, Valle;O Colombia a NO Ecuador
138;ARECACEAE;Wettinia;Wettinia quinaria;(O.F.Cook & Doyle) Burret;;Galeano & Bernal 1987, Henderson et al. 1995, Galeano & Bernal 2010;;Árbol, Palma solitaria;Nativa;Preocupación Menor;Bernal 254 (COL, HUA);Tipo de Colombia;Andes, Pacífico;0 m;1100 m;Antioquia, Cauca, Chocó, Nariño, Risaralda, Valle;Panamá a NO Ecuador
139;ARECACEAE;Wettinia;Wettinia verruculosa;H.E.Moore;;Henderson et al. 1995, Galeano & Bernal 2010;;Árbol, Palma solitaria;Nativa;Casi Amenazada;Bernal 2500 (COL);;Andes;1200 m;1700 m;Nariño;SO Colombia a NO Ecuador
140;ARECACEAE;Wodyetia;Wodyetia bifurcata;A.K.Irvine;;Morales et al. 2000, Galeano & Bernal 2010;;Árbol, Palma solitaria;Cultivada;No Evaluada;;;;1500 m;1600 m;Antioquia;"NE Australia; cultivada en los trópicos"